Lambda,Accuracy,Sparsity
1e-05,72.42,52.639572805041404
5e-05,72.53,69.43953969800292
0.0001,72.37,76.9649217608378
